Source,Target,Type,Id,Label,Weight,attribute,Color
198,201,Undirected,0,,1,personal,"#000000"
203,74,Undirected,1,,1,personal,"#000000"
87,81,Undirected,2,,1,personal,"#000000"
51,34,Undirected,3,,1,personal,"#000000"
16,90,Undirected,4,,1,personal,"#000000"
204,98,Undirected,5,,1,personal,"#000000"
105,271,Undirected,6,,1,personal,"#000000"
16,24,Undirected,7,,1,personal,"#000000"
110,274,Undirected,8,,1,personal,"#000000"
275,95,Undirected,9,,1,personal,"#000000"
277,76,Undirected,10,,1,personal,"#000000"
278,77,Undirected,11,,1,personal,"#000000"
279,83,Undirected,12,,1,personal,"#000000"
34,101,Undirected,13,,1,personal,"#000000"
78,102,Undirected,14,,1,personal,"#000000"
80,119,Undirected,15,,1,personal,"#000000"
280,132,Undirected,16,,1,personal,"#000000"
198,142,Undirected,17,,1,personal,"#000000"
281,19,Undirected,18,,1,personal,"#000000"
282,19,Undirected,19,,1,personal,"#000000"
147,133,Undirected,20,,1,personal,"#000000"
164,283,Undirected,21,,1,personal,"#000000"
164,205,Undirected,22,,1,personal,"#000000"
164,147,Undirected,23,,1,personal,"#000000"
165,188,Undirected,24,,1,personal,"#000000"
284,34,Undirected,25,,1,personal,"#000000"
284,178,Undirected,26,,1,personal,"#000000"
285,181,Undirected,27,,1,personal,"#000000"
286,185,Undirected,28,,1,personal,"#000000"
287,185,Undirected,29,,1,personal,"#000000"
288,18,Undirected,30,,1,personal,"#000000"
189,1,Undirected,31,,1,personal,"#000000"
193,289,Undirected,32,,1,personal,"#000000"
193,290,Undirected,33,,1,personal,"#000000"
184,129,Undirected,34,,1,personal,"#000000"
177,291,Undirected,35,,1,personal,"#000000"
177,292,Undirected,36,,1,personal,"#000000"
177,204,Undirected,37,,1,personal,"#000000"
177,294,Undirected,38,,1,personal,"#000000"
177,293,Undirected,39,,1,personal,"#000000"
177,295,Undirected,40,,1,personal,"#000000"
21,299,Undirected,41,,1,personal,"#000000"
301,302,Undirected,42,,1,personal,"#000000"
301,51,Undirected,43,,1,personal,"#000000"
304,289,Undirected,44,,1,personal,"#000000"
315,18,Undirected,45,,1,personal,"#000000"
1,305,Undirected,46,,1,personal,"#000000"
22,316,Undirected,47,,1,personal,"#000000"
13,316,Undirected,48,,1,personal,"#000000"
319,308,Undirected,49,,1,personal,"#000000"
308,211,Undirected,50,,1,personal,"#000000"
50,311,Undirected,51,,1,personal,"#000000"
311,90,Undirected,52,,1,personal,"#000000"
7,339,Undirected,53,,1,personal,"#000000"
7,340,Undirected,54,,1,personal,"#000000"
7,341,Undirected,55,,1,personal,"#000000"
322,342,Undirected,56,,1,personal,"#000000"
1,327,Undirected,57,,1,personal,"#000000"
327,78,Undirected,58,,1,personal,"#000000"
78,1,Undirected,59,,1,personal,"#000000"
342,330,Undirected,60,,1,personal,"#000000"
332,285,Undirected,61,,1,personal,"#000000"
365,178,Undirected,62,,1,personal,"#000000"
147,205,Undirected,63,,1,personal,"#000000"
78,205,Undirected,64,,1,personal,"#000000"
78,133,Undirected,65,,1,personal,"#000000"
239,87,Undirected,66,,1,personal,"#000000"
47,369,Undirected,67,,1,personal,"#000000"
47,370,Undirected,68,,1,personal,"#000000"
47,371,Undirected,69,,1,personal,"#000000"
165,286,Undirected,70,,1,personal,"#000000"
159,286,Undirected,71,,1,personal,"#000000"
58,41,Undirected,72,,1,personal,"#000000"
58,372,Undirected,73,,1,personal,"#000000"
1,5001,Undirected,74,,1,publishing,"#000000"
6,5001,Undirected,75,,1,publishing,"#000000"
79,5002,Undirected,76,,1,publishing,"#000000"
79,5003,Undirected,77,,1,publishing,"#000000"
79,5004,Undirected,78,,1,publishing,"#000000"
79,5005,Undirected,79,,1,publishing,"#000000"
79,5006,Undirected,80,,1,publishing,"#000000"
33,5007,Undirected,81,,1,publishing,"#000000"
33,5008,Undirected,82,,1,publishing,"#000000"
33,5009,Undirected,83,,1,publishing,"#000000"
195,5009,Undirected,84,,1,publishing,"#000000"
196,5009,Undirected,85,,1,publishing,"#000000"
33,5010,Undirected,86,,1,publishing,"#000000"
33,5011,Undirected,87,,1,publishing,"#000000"
33,5012,Undirected,88,,1,publishing,"#000000"
197,5012,Undirected,89,,1,publishing,"#000000"
33,5013,Undirected,90,,1,publishing,"#000000"
198,5013,Undirected,91,,1,publishing,"#000000"
33,5014,Undirected,92,,1,publishing,"#000000"
199,5014,Undirected,93,,1,publishing,"#000000"
33,5015,Undirected,94,,1,publishing,"#000000"
200,5015,Undirected,95,,1,publishing,"#000000"
33,5016,Undirected,96,,1,publishing,"#000000"
201,5016,Undirected,97,,1,publishing,"#000000"
33,5017,Undirected,98,,1,publishing,"#000000"
202,5017,Undirected,99,,1,publishing,"#000000"
74,5018,Undirected,100,,1,publishing,"#000000"
74,5019,Undirected,101,,1,publishing,"#000000"
74,5020,Undirected,102,,1,publishing,"#000000"
74,5021,Undirected,103,,1,publishing,"#000000"
74,5022,Undirected,104,,1,publishing,"#000000"
203,5018,Undirected,105,,1,publishing,"#000000"
214,5023,Undirected,106,,1,publishing,"#000000"
178,5023,Undirected,107,,1,publishing,"#000000"
6,5023,Undirected,108,,1,publishing,"#000000"
75,5023,Undirected,109,,1,publishing,"#000000"
34,5023,Undirected,110,,1,publishing,"#000000"
215,5023,Undirected,111,,1,publishing,"#000000"
216,5023,Undirected,112,,1,publishing,"#000000"
217,5023,Undirected,113,,1,publishing,"#000000"
218,5023,Undirected,114,,1,publishing,"#000000"
219,5023,Undirected,115,,1,publishing,"#000000"
220,5023,Undirected,116,,1,publishing,"#000000"
221,5023,Undirected,117,,1,publishing,"#000000"
222,5023,Undirected,118,,1,publishing,"#000000"
223,5023,Undirected,119,,1,publishing,"#000000"
224,5023,Undirected,120,,1,publishing,"#000000"
225,5023,Undirected,121,,1,publishing,"#000000"
226,5023,Undirected,122,,1,publishing,"#000000"
227,5023,Undirected,123,,1,publishing,"#000000"
228,5023,Undirected,124,,1,publishing,"#000000"
229,5023,Undirected,125,,1,publishing,"#000000"
230,5023,Undirected,126,,1,publishing,"#000000"
231,5023,Undirected,127,,1,publishing,"#000000"
232,5024,Undirected,128,,1,publishing,"#000000"
178,5024,Undirected,129,,1,publishing,"#000000"
233,5024,Undirected,130,,1,publishing,"#000000"
79,5024,Undirected,131,,1,publishing,"#000000"
33,5024,Undirected,132,,1,publishing,"#000000"
6,5024,Undirected,133,,1,publishing,"#000000"
234,5024,Undirected,134,,1,publishing,"#000000"
44,5024,Undirected,135,,1,publishing,"#000000"
34,5024,Undirected,136,,1,publishing,"#000000"
87,5024,Undirected,137,,1,publishing,"#000000"
78,5024,Undirected,138,,1,publishing,"#000000"
34,5025,Undirected,139,,1,publishing,"#000000"
6,5025,Undirected,140,,1,publishing,"#000000"
101,5025,Undirected,141,,1,publishing,"#000000"
34,5026,Undirected,142,,1,publishing,"#000000"
235,5026,Undirected,143,,1,publishing,"#000000"
87,5027,Undirected,144,,1,publishing,"#000000"
87,5027,Undirected,145,,1,publishing,"#000000"
204,5027,Undirected,146,,1,publishing,"#000000"
78,5027,Undirected,147,,1,publishing,"#000000"
147,5027,Undirected,148,,1,publishing,"#000000"
236,5027,Undirected,149,,1,publishing,"#000000"
21,5027,Undirected,150,,1,publishing,"#000000"
237,5027,Undirected,151,,1,publishing,"#000000"
238,5027,Undirected,152,,1,publishing,"#000000"
74,5027,Undirected,153,,1,publishing,"#000000"
87,5028,Undirected,154,,1,publishing,"#000000"
87,5028,Undirected,155,,1,publishing,"#000000"
236,5028,Undirected,156,,1,publishing,"#000000"
21,5028,Undirected,157,,1,publishing,"#000000"
78,5028,Undirected,158,,1,publishing,"#000000"
239,5028,Undirected,159,,1,publishing,"#000000"
240,5028,Undirected,160,,1,publishing,"#000000"
241,5028,Undirected,161,,1,publishing,"#000000"
238,5028,Undirected,162,,1,publishing,"#000000"
242,5028,Undirected,163,,1,publishing,"#000000"
243,5028,Undirected,164,,1,publishing,"#000000"
244,5028,Undirected,165,,1,publishing,"#000000"
245,5028,Undirected,166,,1,publishing,"#000000"
78,5029,Undirected,167,,1,publishing,"#000000"
147,5029,Undirected,168,,1,publishing,"#000000"
78,5030,Undirected,169,,1,publishing,"#000000"
147,5030,Undirected,170,,1,publishing,"#000000"
78,5031,Undirected,171,,1,publishing,"#000000"
239,5031,Undirected,172,,1,publishing,"#000000"
249,5031,Undirected,173,,1,publishing,"#000000"
78,5032,Undirected,174,,1,publishing,"#000000"
266,5032,Undirected,175,,1,publishing,"#000000"
78,5033,Undirected,176,,1,publishing,"#000000"
267,5033,Undirected,177,,1,publishing,"#000000"
78,5034,Undirected,178,,1,publishing,"#000000"
268,5034,Undirected,179,,1,publishing,"#000000"
269,5034,Undirected,180,,1,publishing,"#000000"
270,5034,Undirected,181,,1,publishing,"#000000"
98,5035,Undirected,182,,1,publishing,"#000000"
204,5035,Undirected,183,,1,publishing,"#000000"
276,5036,Undirected,184,,1,publishing,"#000000"
96,5036,Undirected,185,,1,publishing,"#000000"
118,5036,Undirected,186,,1,publishing,"#000000"
96,5037,Undirected,187,,1,publishing,"#000000"
84,5037,Undirected,188,,1,publishing,"#000000"
87,5038,Undirected,189,,1,publishing,"#000000"
87,5039,Undirected,190,,1,publishing,"#000000"
87,5040,Undirected,191,,1,publishing,"#000000"
87,5041,Undirected,192,,1,publishing,"#000000"
101,5042,Undirected,193,,1,publishing,"#000000"
72,5036,Undirected,194,,1,publishing,"#000000"
27,5036,Undirected,195,,1,publishing,"#000000"
176,5036,Undirected,196,,1,publishing,"#000000"
84,5036,Undirected,197,,1,publishing,"#000000"
299,5043,Undirected,198,,1,publishing,"#000000"
1,5043,Undirected,199,,1,publishing,"#000000"
314,5043,Undirected,200,,1,publishing,"#000000"
306,5044,Undirected,201,,1,publishing,"#000000"
44,5044,Undirected,202,,1,publishing,"#000000"
317,5044,Undirected,203,,1,publishing,"#000000"
343,5036,Undirected,204,,1,publishing,"#000000"
322,5036,Undirected,205,,1,publishing,"#000000"
344,5036,Undirected,206,,1,publishing,"#000000"
345,5036,Undirected,207,,1,publishing,"#000000"
346,5036,Undirected,208,,1,publishing,"#000000"
330,5036,Undirected,209,,1,publishing,"#000000"
358,5045,Undirected,210,,1,publishing,"#000000"
276,5045,Undirected,211,,1,publishing,"#000000"
84,5045,Undirected,212,,1,publishing,"#000000"
8,5045,Undirected,213,,1,publishing,"#000000"
322,5045,Undirected,214,,1,publishing,"#000000"
346,5045,Undirected,215,,1,publishing,"#000000"
359,5045,Undirected,216,,1,publishing,"#000000"
275,5050,Undirected,217,,1,publishing,"#000000"
95,5050,Undirected,218,,1,publishing,"#000000"
87,5051,Undirected,219,,1,publishing,"#000000"
361,5051,Undirected,220,,1,publishing,"#000000"
78,5051,Undirected,221,,1,publishing,"#000000"
362,5051,Undirected,222,,1,publishing,"#000000"
236,5051,Undirected,223,,1,publishing,"#000000"
21,5051,Undirected,224,,1,publishing,"#000000"
238,5051,Undirected,225,,1,publishing,"#000000"
239,5051,Undirected,226,,1,publishing,"#000000"
363,5051,Undirected,227,,1,publishing,"#000000"
364,5051,Undirected,228,,1,publishing,"#000000"
365,5051,Undirected,229,,1,publishing,"#000000"
366,5051,Undirected,230,,1,publishing,"#000000"
81,5051,Undirected,231,,1,publishing,"#000000"
47,5051,Undirected,232,,1,publishing,"#000000"
78,5051,Undirected,233,,1,publishing,"#000000"
98,5051,Undirected,234,,1,publishing,"#000000"
317,5051,Undirected,235,,1,publishing,"#000000"
367,5051,Undirected,236,,1,publishing,"#000000"
84,5052,Undirected,237,,1,publishing,"#000000"
96,5052,Undirected,238,,1,publishing,"#000000"
97,5052,Undirected,239,,1,publishing,"#000000"
118,5052,Undirected,240,,1,publishing,"#000000"
157,5052,Undirected,241,,1,publishing,"#000000"
176,5052,Undirected,242,,1,publishing,"#000000"
184,5052,Undirected,243,,1,publishing,"#000000"
276,5052,Undirected,244,,1,publishing,"#000000"
96,5053,Undirected,245,,1,publishing,"#000000"
176,5053,Undirected,246,,1,publishing,"#000000"
80,5053,Undirected,247,,1,publishing,"#000000"
84,5053,Undirected,248,,1,publishing,"#000000"
357,5053,Undirected,249,,1,publishing,"#000000"
97,5053,Undirected,250,,1,publishing,"#000000"
373,5053,Undirected,251,,1,publishing,"#000000"
61,2049,Undirected,252,,1,pursuit_organization,"#000000"
61,2011,Undirected,253,,1,pursuit_organization,"#000000"
79,2013,Undirected,254,,1,pursuit_organization,"#000000"
33,2015,Undirected,255,,1,pursuit_organization,"#000000"
80,2001,Undirected,256,,1,pursuit_organization,"#000000"
80,2001,Undirected,257,,1,pursuit_organization,"#000000"
80,2050,Undirected,258,,1,pursuit_organization,"#000000"
74,2018,Undirected,259,,1,pursuit_organization,"#000000"
74,2019,Undirected,260,,1,pursuit_organization,"#000000"
74,2051,Undirected,261,,1,pursuit_organization,"#000000"
74,2052,Undirected,262,,1,pursuit_organization,"#000000"
74,2053,Undirected,263,,1,pursuit_organization,"#000000"
74,2054,Undirected,264,,1,pursuit_organization,"#000000"
74,2055,Undirected,265,,1,pursuit_organization,"#000000"
81,2018,Undirected,266,,1,pursuit_organization,"#000000"
82,2021,Undirected,267,,1,pursuit_organization,"#000000"
75,2022,Undirected,268,,1,pursuit_organization,"#000000"
76,2057,Undirected,269,,1,pursuit_organization,"#000000"
84,2001,Undirected,270,,1,pursuit_organization,"#000000"
84,2026,Undirected,271,,1,pursuit_organization,"#000000"
51,2027,Undirected,272,,1,pursuit_organization,"#000000"
51,2058,Undirected,273,,1,pursuit_organization,"#000000"
34,2025,Undirected,274,,1,pursuit_organization,"#000000"
34,2018,Undirected,275,,1,pursuit_organization,"#000000"
87,2018,Undirected,276,,1,pursuit_organization,"#000000"
87,2029,Undirected,277,,1,pursuit_organization,"#000000"
78,2034,Undirected,278,,1,pursuit_organization,"#000000"
78,2032,Undirected,279,,1,pursuit_organization,"#000000"
78,2033,Undirected,280,,1,pursuit_organization,"#000000"
78,2001,Undirected,281,,1,pursuit_organization,"#000000"
78,2035,Undirected,282,,1,pursuit_organization,"#000000"
98,2060,Undirected,283,,1,pursuit_organization,"#000000"
98,2036,Undirected,284,,1,pursuit_organization,"#000000"
98,2018,Undirected,285,,1,pursuit_organization,"#000000"
25,2010,Undirected,286,,1,pursuit_organization,"#000000"
99,2039,Undirected,287,,1,pursuit_organization,"#000000"
99,2040,Undirected,288,,1,pursuit_organization,"#000000"
99,2040,Undirected,289,,1,pursuit_organization,"#000000"
101,2043,Undirected,290,,1,pursuit_organization,"#000000"
101,2044,Undirected,291,,1,pursuit_organization,"#000000"
101,2044,Undirected,292,,1,pursuit_organization,"#000000"
101,2045,Undirected,293,,1,pursuit_organization,"#000000"
94,2001,Undirected,294,,1,pursuit_organization,"#000000"
94,2046,Undirected,295,,1,pursuit_organization,"#000000"
103,2007,Undirected,296,,1,pursuit_organization,"#000000"
103,2007,Undirected,297,,1,pursuit_organization,"#000000"
16,2001,Undirected,298,,1,pursuit_organization,"#000000"
111,2047,Undirected,299,,1,pursuit_organization,"#000000"
95,2048,Undirected,300,,1,pursuit_organization,"#000000"
95,2001,Undirected,301,,1,pursuit_organization,"#000000"
1,2001,Undirected,302,,1,pursuit_organization,"#000000"
1,2001,Undirected,303,,1,pursuit_organization,"#000000"
1,2002,Undirected,304,,1,pursuit_organization,"#000000"
118,2062,Undirected,305,,1,pursuit_organization,"#000000"
121,2063,Undirected,306,,1,pursuit_organization,"#000000"
122,2001,Undirected,307,,1,pursuit_organization,"#000000"
122,2065,Undirected,308,,1,pursuit_organization,"#000000"
139,2001,Undirected,309,,1,pursuit_organization,"#000000"
72,2066,Undirected,310,,1,pursuit_organization,"#000000"
140,2067,Undirected,311,,1,pursuit_organization,"#000000"
141,2069,Undirected,312,,1,pursuit_organization,"#000000"
141,2070,Undirected,313,,1,pursuit_organization,"#000000"
141,2069,Undirected,314,,1,pursuit_organization,"#000000"
143,2007,Undirected,315,,1,pursuit_organization,"#000000"
143,2072,Undirected,316,,1,pursuit_organization,"#000000"
146,2073,Undirected,317,,1,pursuit_organization,"#000000"
127,2074,Undirected,318,,1,pursuit_organization,"#000000"
145,2074,Undirected,319,,1,pursuit_organization,"#000000"
130,2075,Undirected,320,,1,pursuit_organization,"#000000"
133,2034,Undirected,321,,1,pursuit_organization,"#000000"
133,2029,Undirected,322,,1,pursuit_organization,"#000000"
133,2031,Undirected,323,,1,pursuit_organization,"#000000"
133,2076,Undirected,324,,1,pursuit_organization,"#000000"
166,2077,Undirected,325,,1,pursuit_organization,"#000000"
157,2040,Undirected,326,,1,pursuit_organization,"#000000"
157,2078,Undirected,327,,1,pursuit_organization,"#000000"
162,2079,Undirected,328,,1,pursuit_organization,"#000000"
155,2080,Undirected,329,,1,pursuit_organization,"#000000"
159,2082,Undirected,330,,1,pursuit_organization,"#000000"
165,2017,Undirected,331,,1,pursuit_organization,"#000000"
165,2038,Undirected,332,,1,pursuit_organization,"#000000"
165,2083,Undirected,333,,1,pursuit_organization,"#000000"
151,2084,Undirected,334,,1,pursuit_organization,"#000000"
153,2087,Undirected,335,,1,pursuit_organization,"#000000"
153,2078,Undirected,336,,1,pursuit_organization,"#000000"
156,2088,Undirected,337,,1,pursuit_organization,"#000000"
149,2089,Undirected,338,,1,pursuit_organization,"#000000"
135,2091,Undirected,339,,1,pursuit_organization,"#000000"
147,2034,Undirected,340,,1,pursuit_organization,"#000000"
27,2094,Undirected,341,,1,pursuit_organization,"#000000"
77,2004,Undirected,342,,1,pursuit_organization,"#000000"
77,2068,Undirected,343,,1,pursuit_organization,"#000000"
164,2096,Undirected,344,,1,pursuit_organization,"#000000"
132,2098,Undirected,345,,1,pursuit_organization,"#000000"
167,2099,Undirected,346,,1,pursuit_organization,"#000000"
167,2100,Undirected,347,,1,pursuit_organization,"#000000"
167,2078,Undirected,348,,1,pursuit_organization,"#000000"
171,2101,Undirected,349,,1,pursuit_organization,"#000000"
34,2041,Undirected,350,,1,pursuit_organization,"#000000"
178,2027,Undirected,351,,1,pursuit_organization,"#000000"
178,2103,Undirected,352,,1,pursuit_organization,"#000000"
178,2104,Undirected,353,,1,pursuit_organization,"#000000"
178,2105,Undirected,354,,1,pursuit_organization,"#000000"
178,2106,Undirected,355,,1,pursuit_organization,"#000000"
178,2107,Undirected,356,,1,pursuit_organization,"#000000"
181,2108,Undirected,357,,1,pursuit_organization,"#000000"
181,2108,Undirected,358,,1,pursuit_organization,"#000000"
181,2108,Undirected,359,,1,pursuit_organization,"#000000"
185,2007,Undirected,360,,1,pursuit_organization,"#000000"
77,2110,Undirected,361,,1,pursuit_organization,"#000000"
179,2112,Undirected,362,,1,pursuit_organization,"#000000"
179,2113,Undirected,363,,1,pursuit_organization,"#000000"
186,2115,Undirected,364,,1,pursuit_organization,"#000000"
187,2115,Undirected,365,,1,pursuit_organization,"#000000"
96,2001,Undirected,366,,1,pursuit_organization,"#000000"
96,2068,Undirected,367,,1,pursuit_organization,"#000000"
190,2069,Undirected,368,,1,pursuit_organization,"#000000"
176,2026,Undirected,369,,1,pursuit_organization,"#000000"
176,2062,Undirected,370,,1,pursuit_organization,"#000000"
189,2010,Undirected,371,,1,pursuit_organization,"#000000"
189,2116,Undirected,372,,1,pursuit_organization,"#000000"
191,2010,Undirected,373,,1,pursuit_organization,"#000000"
180,2119,Undirected,374,,1,pursuit_organization,"#000000"
180,2120,Undirected,375,,1,pursuit_organization,"#000000"
184,2001,Undirected,376,,1,pursuit_organization,"#000000"
182,2035,Undirected,377,,1,pursuit_organization,"#000000"
192,2017,Undirected,378,,1,pursuit_organization,"#000000"
192,2010,Undirected,379,,1,pursuit_organization,"#000000"
192,2010,Undirected,380,,1,pursuit_organization,"#000000"
175,2124,Undirected,381,,1,pursuit_organization,"#000000"
175,2123,Undirected,382,,1,pursuit_organization,"#000000"
150,2010,Undirected,383,,1,pursuit_organization,"#000000"
194,2126,Undirected,384,,1,pursuit_organization,"#000000"
194,2125,Undirected,385,,1,pursuit_organization,"#000000"
297,2074,Undirected,386,,1,pursuit_organization,"#000000"
297,2127,Undirected,387,,1,pursuit_organization,"#000000"
297,2128,Undirected,388,,1,pursuit_organization,"#000000"
128,2129,Undirected,389,,1,pursuit_organization,"#000000"
299,2130,Undirected,390,,1,pursuit_organization,"#000000"
81,2020,Undirected,391,,1,pursuit_organization,"#000000"
300,2010,Undirected,392,,1,pursuit_organization,"#000000"
313,2069,Undirected,393,,1,pursuit_organization,"#000000"
313,2069,Undirected,394,,1,pursuit_organization,"#000000"
313,2069,Undirected,395,,1,pursuit_organization,"#000000"
313,2069,Undirected,396,,1,pursuit_organization,"#000000"
303,2069,Undirected,397,,1,pursuit_organization,"#000000"
303,2069,Undirected,398,,1,pursuit_organization,"#000000"
303,2069,Undirected,399,,1,pursuit_organization,"#000000"
298,2069,Undirected,400,,1,pursuit_organization,"#000000"
301,2132,Undirected,401,,1,pursuit_organization,"#000000"
301,2133,Undirected,402,,1,pursuit_organization,"#000000"
301,2134,Undirected,403,,1,pursuit_organization,"#000000"
51,2135,Undirected,404,,1,pursuit_organization,"#000000"
304,2001,Undirected,405,,1,pursuit_organization,"#000000"
305,2138,Undirected,406,,1,pursuit_organization,"#000000"
305,2139,Undirected,407,,1,pursuit_organization,"#000000"
305,2140,Undirected,408,,1,pursuit_organization,"#000000"
318,2143,Undirected,409,,1,pursuit_organization,"#000000"
318,2142,Undirected,410,,1,pursuit_organization,"#000000"
318,2144,Undirected,411,,1,pursuit_organization,"#000000"
307,2010,Undirected,412,,1,pursuit_organization,"#000000"
307,2017,Undirected,413,,1,pursuit_organization,"#000000"
307,2001,Undirected,414,,1,pursuit_organization,"#000000"
308,2146,Undirected,415,,1,pursuit_organization,"#000000"
308,2147,Undirected,416,,1,pursuit_organization,"#000000"
308,2148,Undirected,417,,1,pursuit_organization,"#000000"
308,2045,Undirected,418,,1,pursuit_organization,"#000000"
98,2148,Undirected,419,,1,pursuit_organization,"#000000"
309,2149,Undirected,420,,1,pursuit_organization,"#000000"
309,2150,Undirected,421,,1,pursuit_organization,"#000000"
309,2068,Undirected,422,,1,pursuit_organization,"#000000"
310,2151,Undirected,423,,1,pursuit_organization,"#000000"
322,2153,Undirected,424,,1,pursuit_organization,"#000000"
322,2024,Undirected,425,,1,pursuit_organization,"#000000"
324,2061,Undirected,426,,1,pursuit_organization,"#000000"
324,2154,Undirected,427,,1,pursuit_organization,"#000000"
324,2155,Undirected,428,,1,pursuit_organization,"#000000"
326,2001,Undirected,429,,1,pursuit_organization,"#000000"
326,2001,Undirected,430,,1,pursuit_organization,"#000000"
326,2156,Undirected,431,,1,pursuit_organization,"#000000"
325,2157,Undirected,432,,1,pursuit_organization,"#000000"
325,2158,Undirected,433,,1,pursuit_organization,"#000000"
325,2159,Undirected,434,,1,pursuit_organization,"#000000"
325,2001,Undirected,435,,1,pursuit_organization,"#000000"
327,2160,Undirected,436,,1,pursuit_organization,"#000000"
330,2161,Undirected,437,,1,pursuit_organization,"#000000"
330,2007,Undirected,438,,1,pursuit_organization,"#000000"
331,2162,Undirected,439,,1,pursuit_organization,"#000000"
331,2163,Undirected,440,,1,pursuit_organization,"#000000"
332,2108,Undirected,441,,1,pursuit_organization,"#000000"
332,2165,Undirected,442,,1,pursuit_organization,"#000000"
332,2166,Undirected,443,,1,pursuit_organization,"#000000"
332,2167,Undirected,444,,1,pursuit_organization,"#000000"
337,2009,Undirected,445,,1,pursuit_organization,"#000000"
337,2001,Undirected,446,,1,pursuit_organization,"#000000"
334,2168,Undirected,447,,1,pursuit_organization,"#000000"
276,2108,Undirected,448,,1,pursuit_organization,"#000000"
276,2170,Undirected,449,,1,pursuit_organization,"#000000"
276,2171,Undirected,450,,1,pursuit_organization,"#000000"
5,2006,Undirected,451,,1,pursuit_organization,"#000000"
5,2001,Undirected,452,,1,pursuit_organization,"#000000"
5,2007,Undirected,453,,1,pursuit_organization,"#000000"
354,2173,Undirected,454,,1,pursuit_organization,"#000000"
354,2175,Undirected,455,,1,pursuit_organization,"#000000"
354,2174,Undirected,456,,1,pursuit_organization,"#000000"
354,2176,Undirected,457,,1,pursuit_organization,"#000000"
355,2008,Undirected,458,,1,pursuit_organization,"#000000"
355,2001,Undirected,459,,1,pursuit_organization,"#000000"
355,2178,Undirected,460,,1,pursuit_organization,"#000000"
355,2179,Undirected,461,,1,pursuit_organization,"#000000"
355,2180,Undirected,462,,1,pursuit_organization,"#000000"
355,2176,Undirected,463,,1,pursuit_organization,"#000000"
6,2045,Undirected,464,,1,pursuit_organization,"#000000"
34,2045,Undirected,465,,1,pursuit_organization,"#000000"
44,2045,Undirected,466,,1,pursuit_organization,"#000000"
47,2045,Undirected,467,,1,pursuit_organization,"#000000"
74,2045,Undirected,468,,1,pursuit_organization,"#000000"
76,2045,Undirected,469,,1,pursuit_organization,"#000000"
87,2045,Undirected,470,,1,pursuit_organization,"#000000"
98,2045,Undirected,471,,1,pursuit_organization,"#000000"
178,2045,Undirected,472,,1,pursuit_organization,"#000000"
204,2045,Undirected,473,,1,pursuit_organization,"#000000"
211,2045,Undirected,474,,1,pursuit_organization,"#000000"
228,2045,Undirected,475,,1,pursuit_organization,"#000000"
239,2045,Undirected,476,,1,pursuit_organization,"#000000"
256,2045,Undirected,477,,1,pursuit_organization,"#000000"
276,2045,Undirected,478,,1,pursuit_organization,"#000000"
306,2045,Undirected,479,,1,pursuit_organization,"#000000"
319,2045,Undirected,480,,1,pursuit_organization,"#000000"
365,2045,Undirected,481,,1,pursuit_organization,"#000000"
33,2181,Undirected,482,,1,pursuit_organization,"#000000"
44,2181,Undirected,483,,1,pursuit_organization,"#000000"
47,2181,Undirected,484,,1,pursuit_organization,"#000000"
78,2181,Undirected,485,,1,pursuit_organization,"#000000"
82,2181,Undirected,486,,1,pursuit_organization,"#000000"
87,2181,Undirected,487,,1,pursuit_organization,"#000000"
144,2181,Undirected,488,,1,pursuit_organization,"#000000"
204,2181,Undirected,489,,1,pursuit_organization,"#000000"
228,2181,Undirected,490,,1,pursuit_organization,"#000000"
234,2181,Undirected,491,,1,pursuit_organization,"#000000"
292,2181,Undirected,492,,1,pursuit_organization,"#000000"
294,2181,Undirected,493,,1,pursuit_organization,"#000000"
306,2181,Undirected,494,,1,pursuit_organization,"#000000"
333,2181,Undirected,495,,1,pursuit_organization,"#000000"
365,2181,Undirected,496,,1,pursuit_organization,"#000000"
232,2181,Undirected,497,,1,pursuit_organization,"#000000"
368,2181,Undirected,498,,1,pursuit_organization,"#000000"
78,2018,Undirected,499,,1,pursuit_organization,"#000000"
204,2018,Undirected,500,,1,pursuit_organization,"#000000"
325,2182,Undirected,501,,1,pursuit_organization,"#000000"
97,2001,Undirected,502,,1,pursuit_organization,"#000000"
97,2026,Undirected,503,,1,pursuit_organization,"#000000"
96,2026,Undirected,504,,1,pursuit_organization,"#000000"
349,2183,Undirected,505,,1,pursuit_organization,"#000000"
369,2181,Undirected,506,,1,pursuit_organization,"#000000"
369,2045,Undirected,507,,1,pursuit_organization,"#000000"
47,2018,Undirected,508,,1,pursuit_organization,"#000000"
47,2185,Undirected,509,,1,pursuit_organization,"#000000"
47,2035,Undirected,510,,1,pursuit_organization,"#000000"
360,2001,Undirected,511,,1,pursuit_organization,"#000000"
352,2186,Undirected,512,,1,pursuit_organization,"#000000"
352,2186,Undirected,513,,1,pursuit_organization,"#000000"
286,2110,Undirected,514,,1,pursuit_organization,"#000000"
351,2188,Undirected,515,,1,pursuit_organization,"#000000"
351,2187,Undirected,516,,1,pursuit_organization,"#000000"
6,2188,Undirected,517,,1,pursuit_organization,"#000000"
232,2188,Undirected,518,,1,pursuit_organization,"#000000"
369,2188,Undirected,519,,1,pursuit_organization,"#000000"
202,2188,Undirected,520,,1,pursuit_organization,"#000000"
44,2188,Undirected,521,,1,pursuit_organization,"#000000"
265,2188,Undirected,522,,1,pursuit_organization,"#000000"
33,2188,Undirected,523,,1,pursuit_organization,"#000000"
199,2188,Undirected,524,,1,pursuit_organization,"#000000"
80,2188,Undirected,525,,1,pursuit_organization,"#000000"
289,2001,Undirected,526,,1,pursuit_organization,"#000000"
289,2178,Undirected,527,,1,pursuit_organization,"#000000"
356,2016,Undirected,528,,1,pursuit_organization,"#000000"
356,2001,Undirected,529,,1,pursuit_organization,"#000000"
30,2149,Undirected,530,,1,pursuit_organization,"#000000"
27,2093,Undirected,531,,1,pursuit_organization,"#000000"
27,2068,Undirected,532,,1,pursuit_organization,"#000000"
30,2187,Undirected,533,,1,pursuit_organization,"#000000"
30,2068,Undirected,534,,1,pursuit_organization,"#000000"
357,2190,Undirected,535,,1,pursuit_organization,"#000000"
357,2171,Undirected,536,,1,pursuit_organization,"#000000"
353,2193,Undirected,537,,1,pursuit_organization,"#000000"
82,3019,Undirected,555,,1,pursuit_occupation,"#000000"
79,2012,Undirected,920,,1,study_organization,"#000000"
33,2016,Undirected,921,,1,study_organization,"#000000"
80,2017,Undirected,922,,1,study_organization,"#000000"
81,2056,Undirected,923,,1,study_organization,"#000000"
82,2007,Undirected,924,,1,study_organization,"#000000"
83,2023,Undirected,925,,1,study_organization,"#000000"
76,2024,Undirected,926,,1,study_organization,"#000000"
84,2005,Undirected,927,,1,study_organization,"#000000"
84,2001,Undirected,928,,1,study_organization,"#000000"
85,2008,Undirected,929,,1,study_organization,"#000000"
34,2008,Undirected,930,,1,study_organization,"#000000"
34,2025,Undirected,931,,1,study_organization,"#000000"
87,2028,Undirected,932,,1,study_organization,"#000000"
78,2031,Undirected,933,,1,study_organization,"#000000"
91,2007,Undirected,934,,1,study_organization,"#000000"
98,2031,Undirected,935,,1,study_organization,"#000000"
109,2007,Undirected,936,,1,study_organization,"#000000"
101,2042,Undirected,937,,1,study_organization,"#000000"
94,2061,Undirected,938,,1,study_organization,"#000000"
103,2001,Undirected,939,,1,study_organization,"#000000"
1,2003,Undirected,940,,1,study_organization,"#000000"
105,2001,Undirected,941,,1,study_organization,"#000000"
111,2001,Undirected,942,,1,study_organization,"#000000"
111,2001,Undirected,943,,1,study_organization,"#000000"
95,2001,Undirected,944,,1,study_organization,"#000000"
118,2017,Undirected,945,,1,study_organization,"#000000"
119,2001,Undirected,946,,1,study_organization,"#000000"
122,2064,Undirected,947,,1,study_organization,"#000000"
132,2001,Undirected,948,,1,study_organization,"#000000"
132,2068,Undirected,949,,1,study_organization,"#000000"
142,2071,Undirected,950,,1,study_organization,"#000000"
142,2068,Undirected,951,,1,study_organization,"#000000"
143,2007,Undirected,952,,1,study_organization,"#000000"
126,2001,Undirected,953,,1,study_organization,"#000000"
118,2068,Undirected,954,,1,study_organization,"#000000"
19,2004,Undirected,955,,1,study_organization,"#000000"
157,2007,Undirected,956,,1,study_organization,"#000000"
155,2007,Undirected,957,,1,study_organization,"#000000"
88,2081,Undirected,958,,1,study_organization,"#000000"
151,2085,Undirected,959,,1,study_organization,"#000000"
151,2086,Undirected,960,,1,study_organization,"#000000"
156,2017,Undirected,961,,1,study_organization,"#000000"
135,2090,Undirected,962,,1,study_organization,"#000000"
147,2031,Undirected,963,,1,study_organization,"#000000"
27,2092,Undirected,964,,1,study_organization,"#000000"
27,2093,Undirected,965,,1,study_organization,"#000000"
164,2095,Undirected,966,,1,study_organization,"#000000"
161,2097,Undirected,967,,1,study_organization,"#000000"
161,2068,Undirected,968,,1,study_organization,"#000000"
178,2016,Undirected,969,,1,study_organization,"#000000"
181,2016,Undirected,970,,1,study_organization,"#000000"
188,2001,Undirected,971,,1,study_organization,"#000000"
185,2109,Undirected,972,,1,study_organization,"#000000"
179,2111,Undirected,973,,1,study_organization,"#000000"
186,2114,Undirected,974,,1,study_organization,"#000000"
187,2114,Undirected,975,,1,study_organization,"#000000"
96,2001,Undirected,976,,1,study_organization,"#000000"
176,2001,Undirected,977,,1,study_organization,"#000000"
176,2068,Undirected,978,,1,study_organization,"#000000"
189,2001,Undirected,979,,1,study_organization,"#000000"
191,2001,Undirected,980,,1,study_organization,"#000000"
191,2117,Undirected,981,,1,study_organization,"#000000"
180,2118,Undirected,982,,1,study_organization,"#000000"
193,2121,Undirected,983,,1,study_organization,"#000000"
184,2007,Undirected,984,,1,study_organization,"#000000"
182,2122,Undirected,985,,1,study_organization,"#000000"
192,2017,Undirected,986,,1,study_organization,"#000000"
175,2123,Undirected,987,,1,study_organization,"#000000"
150,2001,Undirected,988,,1,study_organization,"#000000"
72,2008,Undirected,989,,1,study_organization,"#000000"
128,2001,Undirected,990,,1,study_organization,"#000000"
299,2130,Undirected,991,,1,study_organization,"#000000"
300,2131,Undirected,992,,1,study_organization,"#000000"
303,2061,Undirected,993,,1,study_organization,"#000000"
298,2017,Undirected,994,,1,study_organization,"#000000"
301,2001,Undirected,995,,1,study_organization,"#000000"
51,2027,Undirected,996,,1,study_organization,"#000000"
304,2007,Undirected,997,,1,study_organization,"#000000"
304,2136,Undirected,998,,1,study_organization,"#000000"
305,2137,Undirected,999,,1,study_organization,"#000000"
22,2007,Undirected,1000,,1,study_organization,"#000000"
306,2016,Undirected,1001,,1,study_organization,"#000000"
318,2143,Undirected,1002,,1,study_organization,"#000000"
307,2001,Undirected,1003,,1,study_organization,"#000000"
308,2146,Undirected,1004,,1,study_organization,"#000000"
310,2005,Undirected,1005,,1,study_organization,"#000000"
312,2007,Undirected,1006,,1,study_organization,"#000000"
321,2068,Undirected,1007,,1,study_organization,"#000000"
321,2152,Undirected,1008,,1,study_organization,"#000000"
322,2001,Undirected,1009,,1,study_organization,"#000000"
324,2007,Undirected,1010,,1,study_organization,"#000000"
326,2118,Undirected,1011,,1,study_organization,"#000000"
325,2007,Undirected,1012,,1,study_organization,"#000000"
327,2160,Undirected,1013,,1,study_organization,"#000000"
330,2001,Undirected,1014,,1,study_organization,"#000000"
332,2164,Undirected,1015,,1,study_organization,"#000000"
337,2016,Undirected,1016,,1,study_organization,"#000000"
3,2004,Undirected,1017,,1,study_organization,"#000000"
276,2169,Undirected,1018,,1,study_organization,"#000000"
5,2172,Undirected,1019,,1,study_organization,"#000000"
354,2143,Undirected,1020,,1,study_organization,"#000000"
355,2177,Undirected,1021,,1,study_organization,"#000000"
34,2027,Undirected,1022,,1,study_organization,"#000000"
97,2007,Undirected,1023,,1,study_organization,"#000000"
47,2184,Undirected,1024,,1,study_organization,"#000000"
360,2001,Undirected,1025,,1,study_organization,"#000000"
352,2086,Undirected,1026,,1,study_organization,"#000000"
351,2187,Undirected,1027,,1,study_organization,"#000000"
289,2007,Undirected,1028,,1,study_organization,"#000000"
356,2129,Undirected,1029,,1,study_organization,"#000000"
30,2189,Undirected,1030,,1,study_organization,"#000000"
30,2068,Undirected,1031,,1,study_organization,"#000000"
357,2190,Undirected,1032,,1,study_organization,"#000000"
19,2191,Undirected,1033,,1,study_organization,"#000000"
58,2191,Undirected,1034,,1,study_organization,"#000000"
353,2029,Undirected,1035,,1,study_organization,"#000000"
353,2192,Undirected,1036,,1,study_organization,"#000000"
350,2194,Undirected,1037,,1,study_organization,"#000000"
350,2195,Undirected,1038,,1,study_organization,"#000000"
350,2068,Undirected,1039,,1,study_organization,"#000000"
1,6031,Undirected,1234,,1,event_participation,"#000000"
33,6031,Undirected,1235,,1,event_participation,"#000000"
33,6032,Undirected,1566,,1,event_participation,"#000000"
197,6032,Undirected,1567,,1,event_participation,"#000000"
204,6033,Undirected,1568,,1,event_participation,"#000000"
78,6033,Undirected,1569,,1,event_participation,"#000000"
205,6033,Undirected,1570,,1,event_participation,"#000000"
178,6033,Undirected,1571,,1,event_participation,"#000000"
206,6033,Undirected,1572,,1,event_participation,"#000000"
207,6033,Undirected,1573,,1,event_participation,"#000000"
208,6033,Undirected,1574,,1,event_participation,"#000000"
209,6033,Undirected,1575,,1,event_participation,"#000000"
98,6033,Undirected,1576,,1,event_participation,"#000000"
210,6033,Undirected,1577,,1,event_participation,"#000000"
211,6033,Undirected,1578,,1,event_participation,"#000000"
212,6033,Undirected,1579,,1,event_participation,"#000000"
213,6033,Undirected,1580,,1,event_participation,"#000000"
246,6034,Undirected,1581,,1,event_participation,"#000000"
247,6034,Undirected,1582,,1,event_participation,"#000000"
248,6034,Undirected,1583,,1,event_participation,"#000000"
1,6034,Undirected,1584,,1,event_participation,"#000000"
249,6034,Undirected,1585,,1,event_participation,"#000000"
78,6034,Undirected,1586,,1,event_participation,"#000000"
248,6035,Undirected,1587,,1,event_participation,"#000000"
250,6035,Undirected,1588,,1,event_participation,"#000000"
251,6035,Undirected,1589,,1,event_participation,"#000000"
252,6035,Undirected,1590,,1,event_participation,"#000000"
253,6035,Undirected,1591,,1,event_participation,"#000000"
254,6035,Undirected,1592,,1,event_participation,"#000000"
78,6036,Undirected,1593,,1,event_participation,"#000000"
182,6036,Undirected,1594,,1,event_participation,"#000000"
255,6036,Undirected,1595,,1,event_participation,"#000000"
256,6036,Undirected,1596,,1,event_participation,"#000000"
257,6036,Undirected,1597,,1,event_participation,"#000000"
258,6036,Undirected,1598,,1,event_participation,"#000000"
259,6036,Undirected,1599,,1,event_participation,"#000000"
260,6036,Undirected,1600,,1,event_participation,"#000000"
123,6034,Undirected,1601,,1,event_participation,"#000000"
123,6037,Undirected,1602,,1,event_participation,"#000000"
261,6037,Undirected,1603,,1,event_participation,"#000000"
262,6037,Undirected,1604,,1,event_participation,"#000000"
47,6037,Undirected,1605,,1,event_participation,"#000000"
263,6037,Undirected,1606,,1,event_participation,"#000000"
264,6037,Undirected,1607,,1,event_participation,"#000000"
78,6037,Undirected,1608,,1,event_participation,"#000000"
265,6037,Undirected,1609,,1,event_participation,"#000000"
87,6044,Undirected,1610,,1,event_participation,"#000000"
204,6044,Undirected,1611,,1,event_participation,"#000000"
78,6044,Undirected,1612,,1,event_participation,"#000000"
98,6044,Undirected,1613,,1,event_participation,"#000000"
1,6048,Undirected,1614,,1,event_participation,"#000000"
83,6031,Undirected,1615,,1,event_participation,"#000000"
176,6048,Undirected,1710,,1,event_participation,"#000000"
276,6048,Undirected,1711,,1,event_participation,"#000000"
322,6048,Undirected,1712,,1,event_participation,"#000000"
343,6048,Undirected,1713,,1,event_participation,"#000000"
346,6048,Undirected,1714,,1,event_participation,"#000000"
84,6048,Undirected,1715,,1,event_participation,"#000000"
72,6048,Undirected,1716,,1,event_participation,"#000000"
96,6048,Undirected,1717,,1,event_participation,"#000000"
27,6048,Undirected,1718,,1,event_participation,"#000000"
345,6048,Undirected,1719,,1,event_participation,"#000000"
344,6048,Undirected,1720,,1,event_participation,"#000000"
118,6048,Undirected,1721,,1,event_participation,"#000000"
232,6031,Undirected,1722,,1,event_participation,"#000000"
178,6031,Undirected,1723,,1,event_participation,"#000000"
34,6031,Undirected,1724,,1,event_participation,"#000000"
6,6031,Undirected,1725,,1,event_participation,"#000000"
44,6031,Undirected,1726,,1,event_participation,"#000000"
78,6031,Undirected,1727,,1,event_participation,"#000000"
87,6031,Undirected,1782,,1,event_participation,"#000000"
233,6031,Undirected,1783,,1,event_participation,"#000000"
79,6031,Undirected,1784,,1,event_participation,"#000000"
234,6031,Undirected,1785,,1,event_participation,"#000000"
330,6048,Undirected,1786,,1,event_participation,"#000000"
80,6050,Undirected,1787,,1,event_participation,"#000000"
6,6050,Undirected,1788,,1,event_participation,"#000000"
44,6050,Undirected,1789,,1,event_participation,"#000000"
33,6050,Undirected,1790,,1,event_participation,"#000000"
236,6050,Undirected,1791,,1,event_participation,"#000000"
74,6050,Undirected,1792,,1,event_participation,"#000000"
34,6050,Undirected,1793,,1,event_participation,"#000000"
