source,target,attribute
198,201,personal
203,74,personal
87,81,personal
51,34,personal
16,90,personal
204,98,personal
105,271,personal
16,24,personal
110,274,personal
275,95,personal
277,76,personal
278,77,personal
279,83,personal
34,101,personal
78,102,personal
80,119,personal
280,132,personal
198,142,personal
281,19,personal
282,19,personal
147,133,personal
164,283,personal
164,205,personal
164,147,personal
165,188,personal
284,34,personal
284,178,personal
285,181,personal
286,185,personal
287,185,personal
288,18,personal
189,1,personal
193,289,personal
193,290,personal
184,129,personal
177,291,personal
177,292,personal
177,204,personal
177,294,personal
177,293,personal
177,295,personal
21,299,personal
301,302,personal
301,51,personal
304,289,personal
315,18,personal
1,305,personal
22,316,personal
13,316,personal
319,308,personal
308,211,personal
50,311,personal
311,90,personal
7,339,personal
7,340,personal
7,341,personal
322,342,personal
1,327,personal
327,78,personal
78,1,personal
342,330,personal
332,285,personal
365,178,personal
147,205,personal
78,205,personal
78,133,personal
239,87,personal
47,369,personal
47,370,personal
47,371,personal
165,286,personal
159,286,personal
58,41,personal
58,372,personal
133,134,personal
1,5001,publishing
6,5001,publishing
79,5002,publishing
79,5003,publishing
79,5004,publishing
79,5005,publishing
79,5006,publishing
33,5007,publishing
33,5008,publishing
33,5009,publishing
195,5009,publishing
196,5009,publishing
33,5010,publishing
33,5011,publishing
33,5012,publishing
197,5012,publishing
33,5013,publishing
198,5013,publishing
33,5014,publishing
199,5014,publishing
33,5015,publishing
200,5015,publishing
33,5016,publishing
201,5016,publishing
33,5017,publishing
202,5017,publishing
74,5018,publishing
74,5019,publishing
74,5020,publishing
74,5021,publishing
74,5022,publishing
203,5018,publishing
214,5023,publishing
178,5023,publishing
6,5023,publishing
75,5023,publishing
34,5023,publishing
215,5023,publishing
216,5023,publishing
217,5023,publishing
218,5023,publishing
219,5023,publishing
220,5023,publishing
221,5023,publishing
222,5023,publishing
223,5023,publishing
224,5023,publishing
225,5023,publishing
226,5023,publishing
227,5023,publishing
228,5023,publishing
229,5023,publishing
230,5023,publishing
231,5023,publishing
232,5024,publishing
178,5024,publishing
279,5024,publishing
79,5024,publishing
33,5024,publishing
6,5024,publishing
234,5024,publishing
44,5024,publishing
34,5024,publishing
87,5024,publishing
78,5024,publishing
34,5025,publishing
6,5025,publishing
101,5025,publishing
34,5026,publishing
235,5026,publishing
87,5027,publishing
87,5027,publishing
204,5027,publishing
78,5027,publishing
147,5027,publishing
236,5027,publishing
21,5027,publishing
237,5027,publishing
238,5027,publishing
74,5027,publishing
87,5028,publishing
87,5028,publishing
236,5028,publishing
21,5028,publishing
78,5028,publishing
239,5028,publishing
240,5028,publishing
241,5028,publishing
238,5028,publishing
242,5028,publishing
243,5028,publishing
244,5028,publishing
245,5028,publishing
78,5029,publishing
147,5029,publishing
78,5030,publishing
147,5030,publishing
78,5031,publishing
239,5031,publishing
249,5031,publishing
78,5032,publishing
266,5032,publishing
78,5033,publishing
267,5033,publishing
78,5034,publishing
268,5034,publishing
269,5034,publishing
270,5034,publishing
98,5035,publishing
204,5035,publishing
276,5036,publishing
96,5036,publishing
118,5036,publishing
96,5037,publishing
84,5037,publishing
87,5038,publishing
87,5039,publishing
87,5040,publishing
87,5041,publishing
101,5042,publishing
72,5036,publishing
27,5036,publishing
176,5036,publishing
84,5036,publishing
299,5043,publishing
1,5043,publishing
314,5043,publishing
306,5044,publishing
44,5044,publishing
317,5044,publishing
343,5036,publishing
322,5036,publishing
344,5036,publishing
345,5036,publishing
346,5036,publishing
330,5036,publishing
358,5045,publishing
276,5045,publishing
84,5045,publishing
8,5045,publishing
322,5045,publishing
346,5045,publishing
359,5045,publishing
275,5050,publishing
95,5050,publishing
87,5051,publishing
361,5051,publishing
78,5051,publishing
362,5051,publishing
236,5051,publishing
21,5051,publishing
238,5051,publishing
239,5051,publishing
363,5051,publishing
364,5051,publishing
365,5051,publishing
366,5051,publishing
81,5051,publishing
47,5051,publishing
78,5051,publishing
98,5051,publishing
317,5051,publishing
367,5051,publishing
84,5052,publishing
96,5052,publishing
97,5052,publishing
118,5052,publishing
157,5052,publishing
176,5052,publishing
184,5052,publishing
276,5052,publishing
96,5053,publishing
176,5053,publishing
80,5053,publishing
84,5053,publishing
357,5053,publishing
97,5053,publishing
373,5053,publishing
369,5054,publishing
368,5054,publishing
34,5054,publishing
78,5054,publishing
87,5054,publishing
204,5055,publishing
87,5055,publishing
366,5055,publishing
238,5055,publishing
203,5055,publishing
206,5055,publishing
74,5055,publishing
21,5055,publishing
236,5055,publishing
34,5055,publishing
178,5055,publishing
369,5055,publishing
47,5055,publishing
98,5055,publishing
61,2049,pursuit_organization
61,2011,pursuit_organization
79,2013,pursuit_organization
33,2015,pursuit_organization
80,2001,pursuit_organization
80,2001,pursuit_organization
80,2050,pursuit_organization
74,2018,pursuit_organization
74,2019,pursuit_organization
74,2051,pursuit_organization
74,2052,pursuit_organization
74,2053,pursuit_organization
74,2054,pursuit_organization
74,2055,pursuit_organization
81,2018,pursuit_organization
82,2021,pursuit_organization
75,2022,pursuit_organization
76,2057,pursuit_organization
84,2001,pursuit_organization
84,2026,pursuit_organization
51,2027,pursuit_organization
51,2058,pursuit_organization
34,2025,pursuit_organization
34,2018,pursuit_organization
87,2018,pursuit_organization
87,2029,pursuit_organization
78,2034,pursuit_organization
78,2032,pursuit_organization
78,2033,pursuit_organization
78,2001,pursuit_organization
78,2035,pursuit_organization
98,2060,pursuit_organization
98,2036,pursuit_organization
98,2018,pursuit_organization
25,2010,pursuit_organization
99,2039,pursuit_organization
99,2040,pursuit_organization
99,2040,pursuit_organization
101,2043,pursuit_organization
101,2044,pursuit_organization
101,2044,pursuit_organization
101,2045,pursuit_organization
94,2001,pursuit_organization
94,2046,pursuit_organization
103,2007,pursuit_organization
103,2007,pursuit_organization
16,2001,pursuit_organization
111,2047,pursuit_organization
95,2048,pursuit_organization
95,2001,pursuit_organization
1,2001,pursuit_organization
1,2001,pursuit_organization
1,2002,pursuit_organization
118,2062,pursuit_organization
121,2063,pursuit_organization
122,2001,pursuit_organization
122,2065,pursuit_organization
139,2001,pursuit_organization
72,2066,pursuit_organization
140,2067,pursuit_organization
141,2069,pursuit_organization
141,2070,pursuit_organization
141,2069,pursuit_organization
143,2007,pursuit_organization
143,2072,pursuit_organization
146,2073,pursuit_organization
127,2074,pursuit_organization
145,2074,pursuit_organization
130,2075,pursuit_organization
133,2034,pursuit_organization
133,2029,pursuit_organization
133,2031,pursuit_organization
133,2076,pursuit_organization
166,2077,pursuit_organization
157,2040,pursuit_organization
157,2078,pursuit_organization
162,2079,pursuit_organization
155,2080,pursuit_organization
159,2082,pursuit_organization
165,2017,pursuit_organization
165,2038,pursuit_organization
165,2083,pursuit_organization
151,2084,pursuit_organization
153,2087,pursuit_organization
153,2078,pursuit_organization
156,2088,pursuit_organization
149,2089,pursuit_organization
135,2091,pursuit_organization
147,2034,pursuit_organization
27,2094,pursuit_organization
77,2004,pursuit_organization
77,2068,pursuit_organization
164,2096,pursuit_organization
132,2098,pursuit_organization
167,2099,pursuit_organization
167,2100,pursuit_organization
167,2078,pursuit_organization
171,2101,pursuit_organization
34,2041,pursuit_organization
178,2027,pursuit_organization
178,2103,pursuit_organization
178,2104,pursuit_organization
178,2105,pursuit_organization
178,2106,pursuit_organization
178,2107,pursuit_organization
181,2108,pursuit_organization
181,2108,pursuit_organization
181,2108,pursuit_organization
185,2007,pursuit_organization
77,2110,pursuit_organization
179,2112,pursuit_organization
179,2113,pursuit_organization
186,2115,pursuit_organization
187,2115,pursuit_organization
96,2001,pursuit_organization
96,2068,pursuit_organization
190,2069,pursuit_organization
176,2026,pursuit_organization
176,2062,pursuit_organization
189,2010,pursuit_organization
189,2116,pursuit_organization
191,2010,pursuit_organization
180,2119,pursuit_organization
180,2120,pursuit_organization
184,2001,pursuit_organization
182,2035,pursuit_organization
192,2017,pursuit_organization
192,2010,pursuit_organization
192,2010,pursuit_organization
175,2124,pursuit_organization
175,2123,pursuit_organization
150,2010,pursuit_organization
194,2126,pursuit_organization
194,2125,pursuit_organization
297,2074,pursuit_organization
297,2127,pursuit_organization
297,2128,pursuit_organization
128,2129,pursuit_organization
299,2130,pursuit_organization
81,2020,pursuit_organization
300,2010,pursuit_organization
313,2069,pursuit_organization
313,2069,pursuit_organization
313,2069,pursuit_organization
313,2069,pursuit_organization
303,2069,pursuit_organization
303,2069,pursuit_organization
303,2069,pursuit_organization
298,2069,pursuit_organization
301,2132,pursuit_organization
301,2133,pursuit_organization
301,2134,pursuit_organization
51,2135,pursuit_organization
304,2001,pursuit_organization
305,2138,pursuit_organization
305,2139,pursuit_organization
305,2140,pursuit_organization
318,2143,pursuit_organization
318,2142,pursuit_organization
318,2144,pursuit_organization
307,2010,pursuit_organization
307,2017,pursuit_organization
307,2001,pursuit_organization
308,2146,pursuit_organization
308,2147,pursuit_organization
308,2148,pursuit_organization
308,2045,pursuit_organization
98,2148,pursuit_organization
309,2149,pursuit_organization
309,2150,pursuit_organization
309,2068,pursuit_organization
310,2151,pursuit_organization
322,2153,pursuit_organization
322,2024,pursuit_organization
324,2061,pursuit_organization
324,2154,pursuit_organization
324,2155,pursuit_organization
326,2001,pursuit_organization
326,2001,pursuit_organization
326,2156,pursuit_organization
325,2157,pursuit_organization
325,2158,pursuit_organization
325,2159,pursuit_organization
325,2001,pursuit_organization
327,2160,pursuit_organization
330,2161,pursuit_organization
330,2007,pursuit_organization
331,2162,pursuit_organization
331,2163,pursuit_organization
332,2108,pursuit_organization
332,2165,pursuit_organization
332,2166,pursuit_organization
332,2167,pursuit_organization
337,2009,pursuit_organization
337,2001,pursuit_organization
334,2168,pursuit_organization
276,2108,pursuit_organization
276,2170,pursuit_organization
276,2171,pursuit_organization
5,2006,pursuit_organization
5,2001,pursuit_organization
5,2007,pursuit_organization
354,2173,pursuit_organization
354,2175,pursuit_organization
354,2174,pursuit_organization
354,2176,pursuit_organization
355,2008,pursuit_organization
355,2001,pursuit_organization
355,2178,pursuit_organization
355,2179,pursuit_organization
355,2180,pursuit_organization
355,2176,pursuit_organization
6,2045,pursuit_organization
34,2045,pursuit_organization
44,2045,pursuit_organization
47,2045,pursuit_organization
74,2045,pursuit_organization
76,2045,pursuit_organization
87,2045,pursuit_organization
98,2045,pursuit_organization
178,2045,pursuit_organization
204,2045,pursuit_organization
211,2045,pursuit_organization
228,2045,pursuit_organization
239,2045,pursuit_organization
256,2045,pursuit_organization
276,2045,pursuit_organization
306,2045,pursuit_organization
319,2045,pursuit_organization
365,2045,pursuit_organization
33,2181,pursuit_organization
44,2181,pursuit_organization
47,2181,pursuit_organization
78,2181,pursuit_organization
82,2181,pursuit_organization
87,2181,pursuit_organization
144,2181,pursuit_organization
204,2181,pursuit_organization
228,2181,pursuit_organization
234,2181,pursuit_organization
292,2181,pursuit_organization
294,2181,pursuit_organization
306,2181,pursuit_organization
333,2181,pursuit_organization
365,2181,pursuit_organization
232,2181,pursuit_organization
368,2181,pursuit_organization
78,2018,pursuit_organization
204,2018,pursuit_organization
325,2182,pursuit_organization
97,2001,pursuit_organization
97,2026,pursuit_organization
96,2026,pursuit_organization
349,2183,pursuit_organization
369,2181,pursuit_organization
369,2045,pursuit_organization
47,2018,pursuit_organization
47,2185,pursuit_organization
47,2035,pursuit_organization
360,2001,pursuit_organization
352,2186,pursuit_organization
352,2186,pursuit_organization
286,2110,pursuit_organization
351,2188,pursuit_organization
351,2187,pursuit_organization
6,2188,pursuit_organization
232,2188,pursuit_organization
369,2188,pursuit_organization
202,2188,pursuit_organization
44,2188,pursuit_organization
265,2188,pursuit_organization
33,2188,pursuit_organization
199,2188,pursuit_organization
80,2188,pursuit_organization
289,2001,pursuit_organization
289,2178,pursuit_organization
356,2016,pursuit_organization
356,2001,pursuit_organization
30,2149,pursuit_organization
27,2093,pursuit_organization
27,2068,pursuit_organization
30,2187,pursuit_organization
30,2068,pursuit_organization
357,2190,pursuit_organization
357,2171,pursuit_organization
353,2193,pursuit_organization
82,2045,pursuit_organization
178,2181,pursuit_organization
61,3069,pursuit_occupation
61,3101,pursuit_occupation
79,3070,pursuit_occupation
33,3073,pursuit_occupation
80,3073,pursuit_occupation
80,3075,pursuit_occupation
80,3074,pursuit_occupation
74,3101,pursuit_occupation
74,3101,pursuit_occupation
74,3077,pursuit_occupation
74,3076,pursuit_occupation
74,3076,pursuit_occupation
74,3076,pursuit_occupation
74,3076,pursuit_occupation
74,3076,pursuit_occupation
81,3101,pursuit_occupation
81,3078,pursuit_occupation
82,3019,pursuit_occupation
75,3074,pursuit_occupation
75,3080,pursuit_occupation
83,3081,pursuit_occupation
76,3082,pursuit_occupation
76,3074,pursuit_occupation
84,3083,pursuit_occupation
84,3084,pursuit_occupation
51,3086,pursuit_occupation
51,3101,pursuit_occupation
85,3087,pursuit_occupation
34,3086,pursuit_occupation
86,3080,pursuit_occupation
77,3088,pursuit_occupation
34,3101,pursuit_occupation
87,3084,pursuit_occupation
87,3089,pursuit_occupation
78,3073,pursuit_occupation
78,3079,pursuit_occupation
78,3084,pursuit_occupation
78,3073,pursuit_occupation
78,3084,pursuit_occupation
78,3090,pursuit_occupation
88,3081,pursuit_occupation
50,3081,pursuit_occupation
89,3091,pursuit_occupation
90,3081,pursuit_occupation
91,3088,pursuit_occupation
19,3088,pursuit_occupation
92,3088,pursuit_occupation
39,3092,pursuit_occupation
98,3093,pursuit_occupation
98,3093,pursuit_occupation
98,3073,pursuit_occupation
98,3101,pursuit_occupation
25,3084,pursuit_occupation
99,3101,pursuit_occupation
99,3084,pursuit_occupation
99,3083,pursuit_occupation
109,3094,pursuit_occupation
109,3088,pursuit_occupation
101,3076,pursuit_occupation
101,3095,pursuit_occupation
101,3095,pursuit_occupation
101,3086,pursuit_occupation
101,3095,pursuit_occupation
94,3073,pursuit_occupation
94,3074,pursuit_occupation
103,3083,pursuit_occupation
103,3073,pursuit_occupation
105,3096,pursuit_occupation
106,3097,pursuit_occupation
102,3092,pursuit_occupation
100,3091,pursuit_occupation
24,3088,pursuit_occupation
16,3078,pursuit_occupation
16,3098,pursuit_occupation
110,3072,pursuit_occupation
111,3101,pursuit_occupation
111,3096,pursuit_occupation
112,3096,pursuit_occupation
95,3101,pursuit_occupation
95,3099,pursuit_occupation
1,3073,pursuit_occupation
1,3070,pursuit_occupation
1,3073,pursuit_occupation
118,3084,pursuit_occupation
118,3088,pursuit_occupation
119,3081,pursuit_occupation
121,3085,pursuit_occupation
122,3073,pursuit_occupation
122,3084,pursuit_occupation
139,3073,pursuit_occupation
72,3073,pursuit_occupation
140,3073,pursuit_occupation
132,3088,pursuit_occupation
141,3079,pursuit_occupation
141,3084,pursuit_occupation
141,3079,pursuit_occupation
142,3088,pursuit_occupation
142,3072,pursuit_occupation
143,3098,pursuit_occupation
143,3084,pursuit_occupation
126,3100,pursuit_occupation
126,3076,pursuit_occupation
146,3084,pursuit_occupation
146,3078,pursuit_occupation
127,3084,pursuit_occupation
145,3084,pursuit_occupation
127,3081,pursuit_occupation
130,3084,pursuit_occupation
130,3090,pursuit_occupation
131,3094,pursuit_occupation
133,3079,pursuit_occupation
133,3079,pursuit_occupation
133,3079,pursuit_occupation
133,3079,pursuit_occupation
133,3092,pursuit_occupation
134,3092,pursuit_occupation
166,3094,pursuit_occupation
157,3073,pursuit_occupation
157,3101,pursuit_occupation
162,3102,pursuit_occupation
155,3101,pursuit_occupation
155,3103,pursuit_occupation
88,3091,pursuit_occupation
159,3104,pursuit_occupation
165,3095,pursuit_occupation
165,3095,pursuit_occupation
165,3084,pursuit_occupation
165,3072,pursuit_occupation
151,3095,pursuit_occupation
153,3083,pursuit_occupation
153,3101,pursuit_occupation
156,3084,pursuit_occupation
163,3091,pursuit_occupation
149,3104,pursuit_occupation
135,3073,pursuit_occupation
147,3073,pursuit_occupation
27,3084,pursuit_occupation
77,3095,pursuit_occupation
77,3095,pursuit_occupation
164,3084,pursuit_occupation
161,3072,pursuit_occupation
132,3105,pursuit_occupation
167,3101,pursuit_occupation
167,3079,pursuit_occupation
167,3101,pursuit_occupation
171,3084,pursuit_occupation
34,3086,pursuit_occupation
178,3084,pursuit_occupation
178,3084,pursuit_occupation
178,3084,pursuit_occupation
178,3084,pursuit_occupation
178,3105,pursuit_occupation
178,3105,pursuit_occupation
181,3079,pursuit_occupation
181,3084,pursuit_occupation
181,3084,pursuit_occupation
188,3096,pursuit_occupation
183,3088,pursuit_occupation
185,3095,pursuit_occupation
185,3106,pursuit_occupation
77,3095,pursuit_occupation
179,3104,pursuit_occupation
179,3104,pursuit_occupation
186,3079,pursuit_occupation
187,3079,pursuit_occupation
96,3073,pursuit_occupation
96,3101,pursuit_occupation
18,3088,pursuit_occupation
18,3103,pursuit_occupation
190,3107,pursuit_occupation
176,3073,pursuit_occupation
176,3088,pursuit_occupation
176,3084,pursuit_occupation
189,3107,pursuit_occupation
189,3107,pursuit_occupation
189,3107,pursuit_occupation
191,3107,pursuit_occupation
180,3073,pursuit_occupation
180,3073,pursuit_occupation
193,3072,pursuit_occupation
193,3092,pursuit_occupation
184,3073,pursuit_occupation
129,3088,pursuit_occupation
182,3076,pursuit_occupation
192,3083,pursuit_occupation
192,3107,pursuit_occupation
192,3084,pursuit_occupation
175,3084,pursuit_occupation
175,3079,pursuit_occupation
177,3088,pursuit_occupation
150,3107,pursuit_occupation
194,3073,pursuit_occupation
194,3081,pursuit_occupation
194,3084,pursuit_occupation
297,3084,pursuit_occupation
297,3081,pursuit_occupation
297,3101,pursuit_occupation
297,3101,pursuit_occupation
50,3079,pursuit_occupation
128,3079,pursuit_occupation
299,3079,pursuit_occupation
81,3078,pursuit_occupation
300,3079,pursuit_occupation
313,3079,pursuit_occupation
313,3107,pursuit_occupation
313,3107,pursuit_occupation
313,3107,pursuit_occupation
303,3079,pursuit_occupation
303,3079,pursuit_occupation
303,3084,pursuit_occupation
298,3107,pursuit_occupation
302,3105,pursuit_occupation
301,3108,pursuit_occupation
301,3084,pursuit_occupation
301,3084,pursuit_occupation
301,3101,pursuit_occupation
51,3084,pursuit_occupation
304,3088,pursuit_occupation
304,3083,pursuit_occupation
305,3073,pursuit_occupation
305,3101,pursuit_occupation
305,3101,pursuit_occupation
22,3088,pursuit_occupation
13,3081,pursuit_occupation
306,3105,pursuit_occupation
318,3073,pursuit_occupation
318,3076,pursuit_occupation
318,3101,pursuit_occupation
307,3107,pursuit_occupation
307,3073,pursuit_occupation
307,3074,pursuit_occupation
308,3095,pursuit_occupation
308,3079,pursuit_occupation
308,3084,pursuit_occupation
308,3101,pursuit_occupation
98,3101,pursuit_occupation
27,3088,pursuit_occupation
309,3084,pursuit_occupation
309,3084,pursuit_occupation
309,3095,pursuit_occupation
309,3088,pursuit_occupation
310,3073,pursuit_occupation
310,3072,pursuit_occupation
311,3078,pursuit_occupation
312,3107,pursuit_occupation
7,3092,pursuit_occupation
320,3078,pursuit_occupation
321,3088,pursuit_occupation
322,3073,pursuit_occupation
322,3073,pursuit_occupation
323,3085,pursuit_occupation
324,3079,pursuit_occupation
324,3073,pursuit_occupation
324,3073,pursuit_occupation
326,3073,pursuit_occupation
326,3074,pursuit_occupation
326,3084,pursuit_occupation
325,3104,pursuit_occupation
325,3084,pursuit_occupation
325,3074,pursuit_occupation
325,3083,pursuit_occupation
327,3073,pursuit_occupation
328,3091,pursuit_occupation
329,3072,pursuit_occupation
330,3079,pursuit_occupation
330,3073,pursuit_occupation
331,3078,pursuit_occupation
331,3101,pursuit_occupation
331,3084,pursuit_occupation
27,3087,pursuit_occupation
332,3079,pursuit_occupation
332,3073,pursuit_occupation
332,3109,pursuit_occupation
332,3101,pursuit_occupation
333,3081,pursuit_occupation
333,3086,pursuit_occupation
315,3105,pursuit_occupation
337,3101,pursuit_occupation
337,3079,pursuit_occupation
337,3110,pursuit_occupation
337,3110,pursuit_occupation
334,3083,pursuit_occupation
334,3088,pursuit_occupation
3,3088,pursuit_occupation
276,3079,pursuit_occupation
276,3084,pursuit_occupation
276,3079,pursuit_occupation
5,3079,pursuit_occupation
5,3073,pursuit_occupation
5,3073,pursuit_occupation
354,3084,pursuit_occupation
354,3079,pursuit_occupation
354,3084,pursuit_occupation
354,3084,pursuit_occupation
355,3073,pursuit_occupation
355,3073,pursuit_occupation
355,3084,pursuit_occupation
355,3084,pursuit_occupation
355,3084,pursuit_occupation
355,3101,pursuit_occupation
6,3095,pursuit_occupation
34,3095,pursuit_occupation
44,3095,pursuit_occupation
47,3095,pursuit_occupation
74,3095,pursuit_occupation
76,3095,pursuit_occupation
87,3095,pursuit_occupation
98,3095,pursuit_occupation
178,3095,pursuit_occupation
204,3095,pursuit_occupation
211,3095,pursuit_occupation
228,3095,pursuit_occupation
239,3095,pursuit_occupation
256,3095,pursuit_occupation
276,3095,pursuit_occupation
306,3095,pursuit_occupation
319,3095,pursuit_occupation
365,3084,pursuit_occupation
33,3095,pursuit_occupation
44,3095,pursuit_occupation
47,3095,pursuit_occupation
78,3095,pursuit_occupation
82,3095,pursuit_occupation
87,3095,pursuit_occupation
144,3095,pursuit_occupation
204,3095,pursuit_occupation
228,3095,pursuit_occupation
234,3095,pursuit_occupation
292,3095,pursuit_occupation
294,3095,pursuit_occupation
306,3095,pursuit_occupation
333,3095,pursuit_occupation
365,3095,pursuit_occupation
232,3095,pursuit_occupation
368,3095,pursuit_occupation
78,3101,pursuit_occupation
204,3101,pursuit_occupation
325,3084,pursuit_occupation
97,3073,pursuit_occupation
97,3084,pursuit_occupation
96,3076,pursuit_occupation
349,3084,pursuit_occupation
349,3088,pursuit_occupation
349,3103,pursuit_occupation
369,3084,pursuit_occupation
369,3095,pursuit_occupation
47,3101,pursuit_occupation
47,3095,pursuit_occupation
47,3101,pursuit_occupation
360,3079,pursuit_occupation
360,3078,pursuit_occupation
352,3084,pursuit_occupation
352,3084,pursuit_occupation
20,3081,pursuit_occupation
286,3084,pursuit_occupation
351,3095,pursuit_occupation
351,3079,pursuit_occupation
351,3088,pursuit_occupation
6,3101,pursuit_occupation
232,3101,pursuit_occupation
369,3101,pursuit_occupation
202,3101,pursuit_occupation
44,3101,pursuit_occupation
265,3101,pursuit_occupation
33,3101,pursuit_occupation
199,3101,pursuit_occupation
80,3101,pursuit_occupation
289,3073,pursuit_occupation
289,3084,pursuit_occupation
356,3079,pursuit_occupation
356,3073,pursuit_occupation
30,3101,pursuit_occupation
27,3095,pursuit_occupation
27,3095,pursuit_occupation
30,3088,pursuit_occupation
30,3073,pursuit_occupation
30,3095,pursuit_occupation
357,3073,pursuit_occupation
357,3101,pursuit_occupation
58,3088,pursuit_occupation
353,3073,pursuit_occupation
350,3087,pursuit_occupation
82,3095,pursuit_occupation
178,3095,pursuit_occupation
79,2012,study_organization
33,2016,study_organization
80,2017,study_organization
81,2056,study_organization
82,2007,study_organization
83,2023,study_organization
76,2024,study_organization
84,2005,study_organization
84,2001,study_organization
85,2008,study_organization
34,2008,study_organization
34,2025,study_organization
87,2028,study_organization
78,2031,study_organization
91,2007,study_organization
98,2031,study_organization
109,2007,study_organization
101,2042,study_organization
94,2061,study_organization
103,2001,study_organization
1,2003,study_organization
105,2001,study_organization
111,2001,study_organization
111,2001,study_organization
95,2001,study_organization
118,2017,study_organization
119,2001,study_organization
122,2064,study_organization
132,2001,study_organization
132,2068,study_organization
142,2071,study_organization
142,2068,study_organization
143,2007,study_organization
126,2001,study_organization
118,2068,study_organization
19,2004,study_organization
157,2007,study_organization
155,2007,study_organization
88,2081,study_organization
151,2085,study_organization
151,2086,study_organization
156,2017,study_organization
135,2090,study_organization
147,2031,study_organization
27,2092,study_organization
27,2093,study_organization
164,2095,study_organization
161,2097,study_organization
161,2068,study_organization
178,2016,study_organization
181,2016,study_organization
188,2001,study_organization
185,2109,study_organization
179,2111,study_organization
186,2114,study_organization
187,2114,study_organization
96,2001,study_organization
176,2001,study_organization
176,2068,study_organization
189,2001,study_organization
191,2001,study_organization
191,2117,study_organization
180,2118,study_organization
193,2121,study_organization
184,2007,study_organization
182,2122,study_organization
192,2017,study_organization
175,2123,study_organization
150,2001,study_organization
72,2008,study_organization
128,2001,study_organization
299,2130,study_organization
300,2131,study_organization
303,2061,study_organization
298,2017,study_organization
301,2001,study_organization
51,2027,study_organization
304,2007,study_organization
304,2136,study_organization
305,2137,study_organization
22,2007,study_organization
306,2016,study_organization
318,2143,study_organization
307,2001,study_organization
308,2146,study_organization
310,2005,study_organization
312,2007,study_organization
321,2068,study_organization
321,2152,study_organization
322,2001,study_organization
324,2007,study_organization
326,2118,study_organization
325,2007,study_organization
327,2160,study_organization
330,2001,study_organization
332,2164,study_organization
337,2016,study_organization
3,2004,study_organization
276,2169,study_organization
5,2172,study_organization
354,2143,study_organization
355,2177,study_organization
34,2027,study_organization
97,2007,study_organization
47,2184,study_organization
360,2001,study_organization
352,2086,study_organization
351,2187,study_organization
289,2007,study_organization
356,2129,study_organization
30,2189,study_organization
30,2068,study_organization
357,2190,study_organization
19,2191,study_organization
58,2191,study_organization
353,2029,study_organization
353,2192,study_organization
350,2194,study_organization
350,2195,study_organization
350,2068,study_organization
79,4001,subject
33,4002,subject
80,4002,subject
80,4003,subject
81,4004,subject
82,4005,subject
83,4006,subject
76,4007,subject
76,4008,subject
84,4007,subject
84,4005,subject
85,4007,subject
85,4009,subject
34,4011,subject
34,4003,subject
34,4010,subject
77,4008,subject
87,4012,subject
78,4013,subject
91,4011,subject
19,4011,subject
98,4014,subject
25,4002,subject
25,4015,subject
25,4016,subject
109,4017,subject
109,4008,subject
101,4003,subject
101,4018,subject
94,4017,subject
94,4019,subject
103,4005,subject
1,4001,subject
105,4020,subject
111,4020,subject
111,4020,subject
95,4020,subject
118,4012,subject
119,4005,subject
122,4002,subject
132,4013,subject
132,4008,subject
132,4010,subject
141,4005,subject
142,4021,subject
142,4008,subject
142,4018,subject
143,4007,subject
126,4022,subject
118,4008,subject
19,4011,subject
19,4008,subject
19,4008,subject
157,4023,subject
155,4021,subject
88,4024,subject
159,4008,subject
165,4025,subject
165,4008,subject
151,4007,subject
151,4026,subject
153,4002,subject
156,4027,subject
135,4005,subject
147,4013,subject
27,4007,subject
27,4008,subject
164,4011,subject
161,4028,subject
161,4008,subject
167,4005,subject
178,4029,subject
178,4010,subject
181,4002,subject
188,4020,subject
188,4016,subject
185,4030,subject
185,4008,subject
185,4015,subject
179,4013,subject
186,4031,subject
187,4031,subject
96,4005,subject
96,4008,subject
18,4008,subject
18,4010,subject
190,4032,subject
176,4022,subject
176,4008,subject
189,4026,subject
191,4005,subject
191,4033,subject
180,4011,subject
193,4017,subject
193,4034,subject
184,4035,subject
182,4013,subject
192,4013,subject
175,4013,subject
177,4008,subject
177,4008,subject
150,4013,subject
72,4002,subject
128,4020,subject
299,4021,subject
300,4005,subject
313,4007,subject
303,4013,subject
303,4008,subject
298,4013,subject
301,4036,subject
51,4010,subject
304,4017,subject
304,4008,subject
18,4010,subject
305,4005,subject
22,4011,subject
22,4010,subject
13,4010,subject
306,4037,subject
318,4038,subject
24,4008,subject
24,4019,subject
307,4013,subject
308,4021,subject
309,4007,subject
309,4008,subject
310,4003,subject
312,4033,subject
7,4010,subject
7,4010,subject
7,4039,subject
321,4008,subject
321,4008,subject
322,4002,subject
324,4040,subject
326,4002,subject
325,4012,subject
325,4008,subject
327,4013,subject
330,4002,subject
330,4008,subject
332,4002,subject
315,4010,subject
337,4002,subject
337,4010,subject
334,4013,subject
334,4034,subject
334,4034,subject
3,4008,subject
276,4002,subject
5,4021,subject
354,4001,subject
3,4041,subject
3,4009,subject
355,4040,subject
34,4010,subject
97,4005,subject
349,4011,subject
349,4002,subject
47,4014,subject
47,4010,subject
47,4010,subject
360,4005,subject
352,4002,subject
20,4034,subject
24,4008,subject
159,4009,subject
351,4005,subject
351,4009,subject
289,4017,subject
289,4010,subject
356,4005,subject
30,4003,subject
30,4008,subject
357,4007,subject
19,4008,subject
58,4008,subject
58,4008,subject
353,4042,subject
353,4043,subject
350,4007,subject
350,4009,subject
350,4041,subject
350,4010,subject
1,6011,event_participation
1,6011,event_participation
2,6011,event_participation
3,6011,event_participation
4,6011,event_participation
5,6011,event_participation
6,6011,event_participation
7,6011,event_participation
8,6011,event_participation
1,6031,event_participation
33,6031,event_participation
9,6011,event_participation
10,6011,event_participation
11,6011,event_participation
12,6011,event_participation
13,6011,event_participation
14,6011,event_participation
15,6011,event_participation
16,6011,event_participation
17,6011,event_participation
18,6011,event_participation
19,6011,event_participation
20,6011,event_participation
21,6011,event_participation
22,6011,event_participation
23,6011,event_participation
24,6011,event_participation
84,6011,event_participation
26,6011,event_participation
27,6011,event_participation
28,6011,event_participation
29,6011,event_participation
30,6011,event_participation
31,6011,event_participation
32,6011,event_participation
58,6011,event_participation
34,6011,event_participation
35,6011,event_participation
36,6011,event_participation
37,6011,event_participation
38,6011,event_participation
39,6011,event_participation
40,6011,event_participation
1,6018,event_participation
42,6018,event_participation
41,6018,event_participation
4,6018,event_participation
67,6018,event_participation
68,6018,event_participation
50,6018,event_participation
5,6018,event_participation
64,6018,event_participation
69,6018,event_participation
65,6018,event_participation
66,6018,event_participation
55,6018,event_participation
45,6018,event_participation
70,6018,event_participation
13,6018,event_participation
22,6018,event_participation
48,6018,event_participation
47,6018,event_participation
59,6018,event_participation
20,6018,event_participation
18,6018,event_participation
19,6018,event_participation
63,6018,event_participation
57,6018,event_participation
62,6018,event_participation
71,6018,event_participation
41,6018,event_participation
51,6018,event_participation
43,6018,event_participation
72,6018,event_participation
46,6018,event_participation
56,6018,event_participation
29,6018,event_participation
28,6018,event_participation
30,6018,event_participation
53,6018,event_participation
44,6018,event_participation
49,6018,event_participation
58,6018,event_participation
73,6018,event_participation
34,6018,event_participation
35,6018,event_participation
60,6018,event_participation
54,6018,event_participation
39,6018,event_participation
1,6001,event_participation
96,6001,event_participation
97,6001,event_participation
84,6001,event_participation
93,6001,event_participation
95,6001,event_participation
94,6001,event_participation
61,6001,event_participation
33,6001,event_participation
74,6001,event_participation
75,6001,event_participation
76,6001,event_participation
51,6001,event_participation
34,6001,event_participation
77,6001,event_participation
78,6001,event_participation
79,6001,event_participation
80,6001,event_participation
81,6001,event_participation
82,6001,event_participation
83,6001,event_participation
84,6001,event_participation
85,6001,event_participation
86,6001,event_participation
87,6001,event_participation
88,6001,event_participation
90,6001,event_participation
50,6001,event_participation
89,6001,event_participation
83,6001,event_participation
91,6001,event_participation
39,6001,event_participation
19,6001,event_participation
92,6001,event_participation
123,6001,event_participation
123,6001,event_participation
98,6002,event_participation
25,6002,event_participation
99,6002,event_participation
109,6002,event_participation
101,6002,event_participation
94,6002,event_participation
91,6002,event_participation
19,6002,event_participation
92,6002,event_participation
39,6002,event_participation
102,6002,event_participation
78,6002,event_participation
103,6002,event_participation
104,6002,event_participation
105,6002,event_participation
106,6002,event_participation
100,6002,event_participation
107,6002,event_participation
24,6002,event_participation
16,6002,event_participation
50,6002,event_participation
88,6002,event_participation
81,6002,event_participation
51,6002,event_participation
108,6002,event_participation
109,6002,event_participation
110,6002,event_participation
111,6002,event_participation
95,6002,event_participation
112,6002,event_participation
113,6002,event_participation
114,6002,event_participation
115,6002,event_participation
116,6002,event_participation
99,6002,event_participation
117,6002,event_participation
82,6002,event_participation
118,6002,event_participation
80,6002,event_participation
117,6002,event_participation
120,6002,event_participation
124,6002,event_participation
119,6002,event_participation
121,6002,event_participation
122,6002,event_participation
77,6002,event_participation
87,6002,event_participation
1,6003,event_participation
135,6003,event_participation
136,6003,event_participation
137,6003,event_participation
87,6003,event_participation
138,6003,event_participation
142,6003,event_participation
144,6003,event_participation
132,6003,event_participation
78,6003,event_participation
77,6003,event_participation
146,6003,event_participation
87,6003,event_participation
50,6003,event_participation
88,6003,event_participation
83,6003,event_participation
141,6003,event_participation
126,6003,event_participation
140,6003,event_participation
27,6003,event_participation
139,6003,event_participation
143,6003,event_participation
72,6003,event_participation
74,6003,event_participation
16,6003,event_participation
106,6003,event_participation
104,6003,event_participation
105,6003,event_participation
125,6003,event_participation
113,6003,event_participation
114,6003,event_participation
115,6003,event_participation
127,6003,event_participation
128,6003,event_participation
129,6003,event_participation
121,6003,event_participation
109,6003,event_participation
108,6003,event_participation
118,6003,event_participation
97,6003,event_participation
84,6003,event_participation
96,6003,event_participation
130,6003,event_participation
112,6003,event_participation
39,6003,event_participation
92,6003,event_participation
19,6003,event_participation
91,6003,event_participation
133,6003,event_participation
134,6003,event_participation
1,6004,event_participation
84,6004,event_participation
97,6004,event_participation
123,6004,event_participation
169,6004,event_participation
170,6004,event_participation
154,6004,event_participation
158,6004,event_participation
168,6004,event_participation
166,6004,event_participation
167,6004,event_participation
171,6004,event_participation
147,6004,event_participation
135,6004,event_participation
148,6004,event_participation
149,6004,event_participation
96,6004,event_participation
118,6004,event_participation
72,6004,event_participation
150,6004,event_participation
151,6004,event_participation
152,6004,event_participation
147,6004,event_participation
153,6004,event_participation
154,6004,event_participation
77,6004,event_participation
97,6004,event_participation
61,6004,event_participation
155,6004,event_participation
50,6004,event_participation
143,6004,event_participation
122,6004,event_participation
84,6004,event_participation
156,6004,event_participation
157,6004,event_participation
158,6004,event_participation
159,6004,event_participation
160,6004,event_participation
83,6004,event_participation
129,6004,event_participation
106,6004,event_participation
161,6004,event_participation
162,6004,event_participation
109,6004,event_participation
150,6004,event_participation
152,6004,event_participation
118,6004,event_participation
27,6004,event_participation
132,6004,event_participation
50,6004,event_participation
88,6004,event_participation
16,6004,event_participation
128,6004,event_participation
163,6004,event_participation
126,6004,event_participation
164,6004,event_participation
92,6004,event_participation
19,6004,event_participation
39,6004,event_participation
91,6004,event_participation
123,6005,event_participation
169,6005,event_participation
170,6005,event_participation
174,6005,event_participation
172,6005,event_participation
173,6005,event_participation
158,6005,event_participation
1,6005,event_participation
80,6005,event_participation
84,6005,event_participation
97,6005,event_participation
158,6005,event_participation
123,6005,event_participation
1,6005,event_participation
175,6005,event_participation
194,6005,event_participation
96,6005,event_participation
176,6005,event_participation
177,6005,event_participation
72,6005,event_participation
96,6005,event_participation
178,6005,event_participation
150,6005,event_participation
179,6005,event_participation
78,6005,event_participation
154,6005,event_participation
180,6005,event_participation
159,6005,event_participation
181,6005,event_participation
61,6005,event_participation
82,6005,event_participation
182,6005,event_participation
165,6004,event_participation
153,6005,event_participation
34,6005,event_participation
183,6005,event_participation
153,6005,event_participation
72,6005,event_participation
184,6005,event_participation
129,6005,event_participation
185,6005,event_participation
34,6005,event_participation
186,6005,event_participation
187,6005,event_participation
188,6005,event_participation
150,6005,event_participation
189,6005,event_participation
190,6005,event_participation
191,6005,event_participation
192,6005,event_participation
177,6005,event_participation
165,6005,event_participation
193,6005,event_participation
18,6005,event_participation
77,6005,event_participation
77,6005,event_participation
16,6005,event_participation
178,6005,event_participation
19,6005,event_participation
33,6032,event_participation
197,6032,event_participation
204,6033,event_participation
78,6033,event_participation
205,6033,event_participation
178,6033,event_participation
206,6033,event_participation
207,6033,event_participation
208,6033,event_participation
209,6033,event_participation
98,6033,event_participation
210,6033,event_participation
211,6033,event_participation
212,6033,event_participation
213,6033,event_participation
246,6034,event_participation
247,6034,event_participation
248,6034,event_participation
1,6034,event_participation
249,6034,event_participation
78,6034,event_participation
248,6035,event_participation
250,6035,event_participation
251,6035,event_participation
252,6035,event_participation
253,6035,event_participation
254,6035,event_participation
78,6036,event_participation
182,6036,event_participation
255,6036,event_participation
256,6036,event_participation
257,6036,event_participation
258,6036,event_participation
259,6036,event_participation
260,6036,event_participation
123,6034,event_participation
123,6037,event_participation
261,6037,event_participation
262,6037,event_participation
47,6037,event_participation
263,6037,event_participation
264,6037,event_participation
78,6037,event_participation
265,6037,event_participation
87,6044,event_participation
204,6044,event_participation
78,6044,event_participation
98,6044,event_participation
1,6048,event_participation
83,6031,event_participation
173,6006,event_participation
296,6006,event_participation
80,6006,event_participation
154,6006,event_participation
52,6006,event_participation
84,6006,event_participation
51,6006,event_participation
19,6006,event_participation
158,6006,event_participation
191,6006,event_participation
123,6006,event_participation
297,6006,event_participation
50,6006,event_participation
177,6006,event_participation
298,6006,event_participation
187,6006,event_participation
80,6006,event_participation
128,6006,event_participation
299,6006,event_participation
189,6006,event_participation
13,6006,event_participation
16,6006,event_participation
300,6006,event_participation
81,6006,event_participation
301,6006,event_participation
302,6006,event_participation
303,6006,event_participation
304,6006,event_participation
18,6006,event_participation
305,6006,event_participation
22,6006,event_participation
306,6006,event_participation
24,6006,event_participation
150,6006,event_participation
307,6006,event_participation
308,6006,event_participation
185,6006,event_participation
51,6006,event_participation
96,6006,event_participation
27,6006,event_participation
309,6006,event_participation
19,6006,event_participation
310,6006,event_participation
311,6006,event_participation
312,6006,event_participation
34,6006,event_participation
77,6006,event_participation
180,6006,event_participation
186,6006,event_participation
78,6006,event_participation
313,6006,event_participation
191,6006,event_participation
39,6006,event_participation
318,6006,event_participation
333,6007,event_participation
50,6007,event_participation
315,6007,event_participation
7,6007,event_participation
335,6007,event_participation
323,6007,event_participation
324,6007,event_participation
326,6007,event_participation
325,6007,event_participation
328,6007,event_participation
307,6007,event_participation
331,6007,event_participation
27,6007,event_participation
332,6007,event_participation
94,6007,event_participation
336,6007,event_participation
337,6007,event_participation
321,6007,event_participation
18,6007,event_participation
22,6007,event_participation
13,6007,event_participation
39,6007,event_participation
334,6007,event_participation
320,6007,event_participation
16,6007,event_participation
24,6007,event_participation
311,6007,event_participation
19,6007,event_participation
1,6007,event_participation
34,6007,event_participation
30,6007,event_participation
180,6007,event_participation
338,6007,event_participation
80,6007,event_participation
88,6007,event_participation
322,6007,event_participation
332,6007,event_participation
22,6007,event_participation
329,6007,event_participation
34,6007,event_participation
176,6048,event_participation
276,6048,event_participation
322,6048,event_participation
343,6048,event_participation
346,6048,event_participation
84,6048,event_participation
72,6048,event_participation
96,6048,event_participation
27,6048,event_participation
345,6048,event_participation
344,6048,event_participation
118,6048,event_participation
232,6031,event_participation
178,6031,event_participation
34,6031,event_participation
6,6031,event_participation
44,6031,event_participation
78,6031,event_participation
347,6008,event_participation
80,6008,event_participation
325,6008,event_participation
326,6008,event_participation
84,6008,event_participation
289,6008,event_participation
348,6008,event_participation
94,6008,event_participation
34,6008,event_participation
170,6008,event_participation
7,6008,event_participation
50,6008,event_participation
47,6008,event_participation
321,6008,event_participation
325,6008,event_participation
349,6008,event_participation
20,6008,event_participation
22,6008,event_participation
13,6008,event_participation
350,6008,event_participation
39,6008,event_participation
3,6008,event_participation
18,6008,event_participation
351,6008,event_participation
30,6008,event_participation
19,6008,event_participation
58,6008,event_participation
81,6008,event_participation
16,6008,event_participation
24,6008,event_participation
311,6008,event_participation
27,6008,event_participation
1,6008,event_participation
309,6008,event_participation
348,6008,event_participation
352,6008,event_participation
289,6008,event_participation
19,6008,event_participation
353,6008,event_participation
47,6008,event_participation
276,6008,event_participation
354,6008,event_participation
355,6008,event_participation
289,6008,event_participation
356,6008,event_participation
5,6008,event_participation
27,6008,event_participation
56,6008,event_participation
276,6008,event_participation
350,6008,event_participation
39,6008,event_participation
357,6008,event_participation
1,6002,event_participation
1,6006,event_participation
87,6031,event_participation
279,6031,event_participation
79,6031,event_participation
234,6031,event_participation
330,6048,event_participation
80,6050,event_participation
6,6050,event_participation
44,6050,event_participation
33,6050,event_participation
236,6050,event_participation
74,6050,event_participation
34,6050,event_participation
131,6003,event_participation
145,6003,event_participation
327,6007,event_participation
330,6007,event_participation
360,6008,event_participation
246,6051,event_participation
247,6051,event_participation
248,6051,event_participation
1,6051,event_participation
249,6051,event_participation
78,6051,event_participation
123,6051,event_participation
248,6051,event_participation
250,6051,event_participation
251,6051,event_participation
252,6051,event_participation
253,6051,event_participation
254,6051,event_participation
78,6051,event_participation
182,6051,event_participation
255,6051,event_participation
256,6051,event_participation
257,6051,event_participation
258,6051,event_participation
259,6051,event_participation
260,6051,event_participation
123,6051,event_participation
261,6051,event_participation
262,6051,event_participation
47,6051,event_participation
263,6051,event_participation
264,6051,event_participation
78,6051,event_participation
265,6051,event_participation
82,6052,event_participation
74,6052,event_participation
47,6052,event_participation
178,6053,event_participation
79,6053,event_participation
279,6053,event_participation
74,6053,event_participation
34,6053,event_participation
181,6054,event_participation
359,6054,event_participation
79,6054,event_participation
78,6054,event_participation
74,6054,event_participation
34,6054,event_participation
279,6054,event_participation
165,6054,event_participation
